Study_Hours_per_Week,Attendance_Rate,Past_Exam_Scores,Final_Exam_Score,Parental_Education_Level,Pass_Fail,Gender,Internet_Access_at_Home,Extracurricular_Activities
11.5,92.0,78.0,82,High,Pass,Female,Yes,Yes
3.0,118.25,65.0,68,Secondary,Pass,Male,Yes,No
1.0,65.0,34.875,39,Primary,Fail,Female,No,Yes
5.0,88.0,71.0,115,Graduate,Pass,Male,Yes,Yes
9.0,95.0,88.0,91,Graduate,Pass,Female,Yes,No
2.0,70.0,51.0,48,Secondary,Fail,Male,No,No
6.0,84.0,73.0,79,High,Pass,Female,Yes,Yes
4.0,76.0,61.0,64,Primary,Pass,Male,Yes,No
7.0,92.0,78.0,82,High,Pass,Female,Yes,Yes
3.0,80.0,65.0,68,Secondary,Pass,Male,Yes,No
1.0,65.0,42.0,39,Primary,Fail,Female,No,Yes
5.0,88.0,71.0,75,Graduate,Pass,Male,Yes,Yes
9.0,95.0,88.0,91,Graduate,Pass,Female,Yes,No
2.0,70.0,51.0,48,Secondary,Fail,Male,No,No
6.0,84.0,73.0,79,High,Pass,Female,Yes,Yes
4.0,76.0,61.0,64,Primary,Pass,Male,Yes,No
7.0,92.0,78.0,82,High,Pass,Female,Yes,Yes
3.0,80.0,65.0,68,Secondary,Pass,Male,Yes,No
1.0,65.0,42.0,39,Primary,Fail,Female,No,Yes
5.0,88.0,71.0,75,Graduate,Pass,Male,Yes,Yes
9.0,95.0,88.0,91,Graduate,Pass,Female,Yes,No
2.0,70.0,51.0,48,Secondary,Fail,Male,No,No
6.0,84.0,73.0,79,High,Pass,Female,Yes,Yes
4.0,76.0,61.0,64,Primary,Pass,Male,Yes,No
7.0,92.0,78.0,82,High,Pass,Female,Yes,Yes
3.0,80.0,65.0,68,Secondary,Pass,Male,Yes,No
1.0,65.0,42.0,39,Primary,Fail,Female,No,Yes
5.0,88.0,71.0,75,Graduate,Pass,Male,Yes,Yes
9.0,95.0,88.0,91,Graduate,Pass,Female,Yes,No
2.0,70.0,51.0,48,Secondary,Fail,Male,No,No
6.0,84.0,73.0,79,High,Pass,Female,Yes,Yes
4.0,76.0,61.0,64,Primary,Pass,Male,Yes,No
7.0,92.0,78.0,82,High,Pass,Female,Yes,Yes
3.0,80.0,65.0,68,Secondary,Pass,Male,Yes,No
1.0,65.0,42.0,39,Primary,Fail,Female,No,Yes
5.0,88.0,71.0,75,Graduate,Pass,Male,Yes,Yes
9.0,95.0,88.0,91,Graduate,Pass,Female,Yes,No
2.0,70.0,51.0,48,Secondary,Fail,Male,No,No
6.0,84.0,73.0,79,High,Pass,Female,Yes,Yes
4.0,76.0,61.0,64,Primary,Pass,Male,Yes,No
