Study_Hours_per_Week,Attendance_Rate,Past_Exam_Scores,Final_Exam_Score,Pass_Fail,Gender,Internet_Access_at_Home,Extracurricular_Activities,Parental_Education_Level_Graduate,Parental_Education_Level_High,Parental_Education_Level_Primary,Parental_Education_Level_Secondary,Pass_Fail_Encoded,Gender_Encoded,Internet_Access_Encoded,Extracurricular_Encoded
4.647058823529412,92.0,78.0,82.0,Pass,Female,Yes,Yes,False,True,False,False,1,0,1,1
4.647058823529412,80.0,65.0,68.0,Pass,Male,Yes,No,False,False,False,True,1,1,1,0
4.647058823529412,65.0,42.0,39.0,Fail,Female,No,Yes,False,False,True,False,0,0,0,1
4.647058823529412,88.0,71.0,75.0,Pass,Male,Yes,Yes,True,False,False,False,1,1,1,1
4.647058823529412,95.0,88.0,91.0,Pass,Female,Yes,No,True,False,False,False,1,0,1,0
4.647058823529412,70.0,51.0,48.0,Fail,Male,No,No,False,False,False,True,0,1,0,0
6.0,84.0,73.0,79.0,Pass,Female,Yes,Yes,False,True,False,False,1,0,1,1
4.0,76.0,61.0,64.0,Pass,Male,Yes,No,False,False,True,False,1,1,1,0
7.0,92.0,78.0,82.0,Pass,Female,Yes,Yes,False,True,False,False,1,0,1,1
3.0,80.0,65.0,68.0,Pass,Male,Yes,No,False,False,False,True,1,1,1,0
1.0,82.0,42.0,39.0,Fail,Female,No,Yes,False,False,True,False,0,0,0,1
5.0,82.0,71.0,75.0,Pass,Male,Yes,Yes,True,False,False,False,1,1,1,1
9.0,82.0,88.0,91.0,Pass,Female,Yes,No,True,False,False,False,1,0,1,0
2.0,82.0,51.0,48.0,Fail,Male,No,No,False,False,False,True,0,1,0,0
6.0,82.0,73.0,79.0,Pass,Female,Yes,Yes,False,True,False,False,1,0,1,1
4.0,82.0,61.0,64.0,Pass,Male,Yes,No,False,False,True,False,1,1,1,0
7.0,92.0,78.0,82.0,Pass,Female,Yes,Yes,False,True,False,False,1,0,1,1
3.0,80.0,65.0,68.0,Pass,Male,Yes,No,False,False,False,True,1,1,1,0
1.0,65.0,42.0,39.0,Fail,Female,No,Yes,False,False,True,False,0,0,0,1
5.0,88.0,71.0,75.0,Pass,Male,Yes,Yes,True,False,False,False,1,1,1,1
9.0,95.0,71.0,91.0,Pass,Female,Yes,No,True,False,False,False,1,0,1,0
2.0,70.0,71.0,48.0,Fail,Male,No,No,False,False,False,True,0,1,0,0
6.0,84.0,71.0,79.0,Pass,Female,Yes,Yes,False,True,False,False,1,0,1,1
4.0,76.0,71.0,64.0,Pass,Male,Yes,No,False,False,True,False,1,1,1,0
7.0,92.0,71.0,82.0,Pass,Female,Yes,Yes,False,True,False,False,1,0,1,1
3.0,80.0,71.0,68.0,Pass,Male,Yes,No,False,False,False,True,1,1,1,0
1.0,65.0,42.0,39.0,Fail,Female,No,Yes,False,False,True,False,0,0,0,1
5.0,88.0,71.0,75.0,Pass,Male,Yes,Yes,True,False,False,False,1,1,1,1
9.0,95.0,88.0,91.0,Pass,Female,Yes,No,True,False,False,False,1,0,1,0
2.0,70.0,51.0,48.0,Fail,Male,No,No,False,False,False,True,0,1,0,0
6.0,84.0,73.0,68.32352941176471,Pass,Female,Yes,Yes,False,True,False,False,1,0,1,1
4.0,76.0,61.0,68.32352941176471,Pass,Male,Yes,No,False,False,True,False,1,1,1,0
7.0,92.0,78.0,68.32352941176471,Pass,Female,Yes,Yes,False,True,False,False,1,0,1,1
3.0,80.0,65.0,68.32352941176471,Pass,Male,Yes,No,False,False,False,True,1,1,1,0
1.0,65.0,42.0,68.32352941176471,Fail,Female,No,Yes,False,False,True,False,0,0,0,1
5.0,88.0,71.0,68.32352941176471,Pass,Male,Yes,Yes,True,False,False,False,1,1,1,1
9.0,95.0,88.0,91.0,Pass,Female,Yes,No,True,False,False,False,1,0,1,0
2.0,70.0,51.0,48.0,Fail,Male,No,No,False,False,False,True,0,1,0,0
6.0,84.0,73.0,79.0,Pass,Female,Yes,Yes,False,True,False,False,1,0,1,1
4.0,76.0,61.0,64.0,Pass,Male,Yes,No,False,False,True,False,1,1,1,0
